MODEL	CA_RMSD	BB_RMSD	ALL_ATOM_RMSD	Menv_smooth	fa_mbenv	dslf_ss_dst	fa_mbsolv	total	pro_close	hbond_sr_bb	hbond_sc	ref	hbond_bb_sc	fa_dun	fa_intra_rep	dslf_ca_dih	fa_atr	dslf_ss_dih	fa_rep	omega	fa_pair	dslf_cs_ang	hbond_lr_bb	p_aa_pp	rama	
3UKM_A1_0001.pdb	1.00	1.00	2.05	40.62	335.74	-1.86	365.46	-1285.70	1.25	-263.48	-87.69	-20.32	-106.39	449.26	5.41	1.17	-2274.28	0.54	307.67	43.23	-32.66	6.51	-9.03	-29.62	-17.26	
3UKM_A1_0002.pdb	0.97	0.97	1.99	37.27	344.58	-1.86	365.44	-1284.39	1.49	-265.15	-89.57	-20.32	-97.07	451.14	5.54	0.92	-2287.68	0.72	308.51	45.62	-31.23	6.38	-9.13	-32.24	-17.75	
3UKM_A1_0003.pdb	0.82	0.82	1.95	38.41	337.70	-1.86	367.22	-1294.73	1.60	-263.74	-85.60	-20.32	-114.23	452.55	5.46	1.39	-2282.15	1.02	308.68	41.49	-31.67	7.15	-8.83	-28.75	-20.25	
3UKM_A1_0004.pdb	0.97	0.96	2.13	36.66	330.39	-1.86	371.50	-1293.70	1.05	-265.71	-85.87	-20.32	-96.01	446.17	5.47	0.89	-2284.77	2.29	305.87	42.82	-29.05	0.99	-9.31	-29.54	-15.36	
3UKM_A1_0005.pdb	1.03	1.03	2.03	37.57	352.21	-1.86	356.97	-1269.76	1.65	-261.05	-92.59	-20.32	-103.03	451.97	5.50	1.63	-2283.90	1.03	318.87	49.31	-31.72	7.26	-9.10	-31.53	-18.64	
3UKM_A1_0006.pdb	0.95	0.95	2.01	36.78	355.87	-1.86	350.11	-1278.22	1.32	-262.31	-84.46	-20.32	-102.59	446.58	5.44	1.04	-2261.06	0.60	303.62	40.35	-30.91	6.99	-9.47	-33.97	-19.98	
3UKM_A1_0007.pdb	0.97	0.96	2.00	43.08	345.84	-1.86	361.64	-1269.53	1.55	-263.17	-87.34	-20.32	-103.72	453.21	5.41	0.92	-2291.98	0.41	317.80	47.52	-29.05	6.54	-9.28	-30.45	-16.27	
3UKM_A1_0008.pdb	0.98	0.99	2.16	37.72	339.21	-1.86	363.95	-1285.81	1.18	-262.78	-92.27	-20.32	-95.84	447.08	5.43	1.73	-2278.06	1.15	308.67	40.82	-32.69	7.16	-8.78	-29.87	-17.46	
3UKM_A1_0009.pdb	1.15	1.15	2.11	38.64	332.51	-1.85	368.30	-1283.79	1.43	-264.31	-83.37	-20.32	-103.84	437.22	5.35	1.28	-2262.10	0.83	308.71	37.95	-32.32	7.51	-8.50	-31.03	-15.86	
3UKM_A1_0010.pdb	1.02	1.02	2.02	32.55	337.21	-1.86	362.64	-1287.60	1.64	-266.24	-86.74	-20.32	-102.54	455.10	5.49	1.15	-2267.34	0.65	302.63	43.64	-32.01	7.20	-9.35	-32.63	-18.50	
3UKM_A2_0001.pdb	0.88	0.87	1.92	39.53	331.85	-1.85	367.02	-1271.78	1.68	-257.00	-96.41	-20.32	-111.82	448.97	5.50	1.05	-2254.99	0.62	312.14	43.22	-29.77	7.37	-8.62	-30.09	-19.87	
3UKM_A2_0002.pdb	1.09	1.08	2.05	37.62	341.30	-1.85	364.06	-1281.66	1.60	-261.37	-86.15	-20.32	-104.18	446.98	5.50	1.29	-2278.56	0.98	311.67	42.73	-31.26	7.45	-9.14	-30.77	-19.24	
3UKM_A2_0003.pdb	1.06	1.06	2.06	35.77	332.96	-1.86	365.26	-1294.12	1.57	-262.19	-75.05	-20.32	-115.70	442.02	5.39	1.35	-2274.47	0.82	312.01	39.42	-32.60	7.60	-8.39	-29.95	-17.76	
3UKM_A2_0004.pdb	1.25	1.25	2.19	35.83	352.66	-1.86	353.08	-1282.24	1.48	-264.50	-79.21	-20.32	-103.96	452.85	5.49	0.94	-2276.81	0.80	303.38	42.47	-32.62	6.56	-8.77	-30.34	-19.43	
3UKM_A2_0005.pdb	1.06	1.06	2.10	36.39	352.23	-1.86	356.29	-1289.52	1.81	-264.80	-80.96	-20.32	-108.89	441.76	5.36	1.28	-2278.99	0.97	316.43	41.09	-33.32	7.44	-10.35	-32.17	-18.90	
3UKM_A2_0006.pdb	1.07	1.07	2.02	35.33	341.85	-1.84	364.48	-1261.14	1.85	-266.36	-92.21	-20.32	-88.55	451.93	5.58	1.19	-2273.82	0.70	316.76	43.88	-30.87	7.67	-9.58	-31.19	-17.62	
3UKM_A2_0007.pdb	0.98	0.99	2.02	33.96	359.30	-1.85	348.64	-1299.56	1.81	-262.28	-89.73	-20.32	-107.81	449.19	5.43	0.96	-2276.10	0.60	303.42	39.92	-31.99	6.97	-8.99	-30.03	-20.66	
3UKM_A2_0008.pdb	0.96	0.97	1.99	37.48	333.08	-1.86	371.56	-1290.79	1.37	-263.70	-88.09	-20.32	-95.71	455.68	5.62	1.29	-2288.46	0.74	301.97	39.91	-31.76	6.10	-10.34	-30.52	-14.85	
3UKM_A2_0009.pdb	0.91	0.91	2.02	38.62	347.03	-1.85	356.07	-1284.56	2.00	-261.79	-87.04	-20.32	-111.42	450.25	5.56	1.27	-2268.92	0.73	309.73	41.79	-32.65	6.33	-8.87	-31.12	-19.95	
3UKM_A2_0010.pdb	0.98	0.98	2.10	37.10	338.61	-1.86	364.99	-1286.75	1.89	-267.53	-92.91	-20.32	-97.73	448.84	5.42	1.50	-2270.91	0.99	308.50	37.04	-30.45	7.13	-8.41	-29.30	-19.36	
3UKM_A3_0001.pdb	0.91	0.90	2.01	39.12	333.66	-1.85	368.69	-1286.57	1.08	-259.04	-90.52	-20.32	-98.11	445.26	5.50	0.95	-2282.95	2.31	311.96	44.57	-28.84	0.95	-8.90	-31.94	-18.15	
3UKM_A3_0002.pdb	1.16	1.16	2.15	33.41	337.61	-1.84	362.25	-1283.46	1.78	-258.83	-87.50	-20.32	-100.96	452.65	5.54	0.65	-2267.27	0.85	306.92	42.97	-33.00	0.94	-9.25	-32.15	-17.91	
3UKM_A3_0003.pdb	0.91	0.91	2.00	37.72	330.37	-1.86	372.04	-1277.72	1.31	-260.01	-85.68	-20.32	-94.40	444.78	5.52	1.11	-2275.78	2.13	310.11	45.20	-31.34	0.95	-9.25	-34.37	-15.95	
3UKM_A3_0004.pdb	1.06	1.05	2.11	36.63	332.68	-1.86	364.89	-1294.94	1.73	-261.40	-70.01	-20.32	-118.55	448.41	5.48	1.03	-2269.22	0.87	299.57	41.03	-31.16	6.25	-8.56	-33.35	-19.06	
3UKM_A3_0005.pdb	0.96	0.95	2.13	37.22	332.32	-1.86	369.38	-1306.16	1.19	-259.10	-90.05	-20.32	-107.19	446.47	5.42	0.05	-2285.97	0.29	316.61	40.43	-30.43	0.25	-10.13	-30.66	-20.09	
3UKM_A3_0006.pdb	0.98	0.98	2.07	34.31	359.73	-1.86	349.99	-1300.59	1.88	-261.62	-101.56	-20.32	-102.14	444.52	5.38	1.28	-2277.01	0.97	308.12	39.91	-31.66	6.75	-8.89	-29.29	-19.08	
3UKM_A3_0007.pdb	1.14	1.13	2.14	38.87	326.24	-1.85	372.61	-1301.06	1.11	-262.93	-80.00	-20.32	-117.06	452.67	5.37	0.03	-2282.53	0.27	314.73	42.97	-30.97	0.22	-10.51	-29.07	-20.90	
3UKM_A3_0008.pdb	0.95	0.94	2.03	39.47	345.33	-1.84	356.21	-1273.68	1.49	-266.62	-80.70	-20.32	-111.77	444.78	5.48	1.12	-2253.97	0.96	308.36	41.04	-30.45	6.80	-8.58	-27.86	-22.60	
3UKM_A3_0009.pdb	1.02	1.02	2.04	37.88	336.69	-1.84	369.89	-1282.46	1.60	-266.84	-86.41	-20.32	-100.65	453.19	5.49	1.52	-2283.55	0.96	310.99	41.09	-32.08	7.15	-7.81	-31.32	-18.07	
3UKM_A3_0010.pdb	1.16	1.14	2.05	38.52	327.93	-1.85	373.92	-1280.59	1.77	-259.83	-86.38	-20.32	-111.14	451.44	5.43	0.70	-2274.77	0.21	313.52	43.94	-31.99	6.63	-8.33	-33.34	-16.64	
3UKM_A4_0001.pdb	0.91	0.91	2.04	39.14	336.41	-1.86	368.46	-1294.80	1.17	-263.30	-100.35	-20.32	-96.89	457.27	5.41	1.06	-2292.84	0.64	310.58	41.31	-29.98	6.85	-8.47	-28.65	-20.48	
3UKM_A4_0002.pdb	1.14	1.13	2.20	39.05	329.97	-1.86	371.06	-1295.87	1.18	-263.05	-74.42	-20.32	-103.68	448.48	5.30	0.44	-2280.29	1.62	307.84	32.45	-31.88	0.91	-8.98	-30.41	-19.30	
3UKM_A4_0003.pdb	0.78	0.77	1.85	35.77	336.19	-1.86	363.66	-1280.68	1.67	-261.92	-94.91	-20.32	-108.52	460.92	5.49	0.02	-2264.16	0.43	313.13	43.99	-33.01	0.37	-9.14	-26.95	-21.51	
3UKM_A4_0004.pdb	1.03	1.03	1.99	36.93	334.32	-1.86	364.59	-1285.45	1.47	-264.52	-88.21	-20.32	-105.48	451.67	5.46	1.70	-2263.00	0.74	304.26	39.77	-32.09	5.66	-8.96	-30.95	-16.62	
3UKM_A4_0005.pdb	1.02	1.03	2.07	34.54	344.57	-1.86	359.87	-1273.44	1.84	-264.63	-81.65	-20.32	-99.30	450.17	5.46	1.68	-2267.99	0.92	305.92	41.99	-32.64	6.07	-9.28	-31.28	-17.50	
3UKM_A4_0006.pdb	0.82	0.81	1.94	42.57	331.70	-1.86	370.40	-1299.31	1.46	-260.94	-98.77	-20.32	-110.45	452.27	5.34	1.52	-2282.16	1.21	310.01	41.74	-30.79	6.76	-8.98	-31.93	-18.10	
3UKM_A4_0007.pdb	1.05	1.05	2.00	40.31	329.75	-1.86	368.76	-1295.61	0.86	-262.47	-104.30	-20.32	-100.85	448.93	5.25	1.10	-2267.14	0.40	310.35	39.47	-31.61	6.37	-8.70	-31.41	-18.50	
3UKM_A4_0008.pdb	0.90	0.90	1.98	42.12	331.80	-1.86	368.16	-1292.02	1.12	-260.37	-74.27	-20.32	-106.74	437.88	5.35	0.91	-2279.37	0.33	309.66	37.20	-31.15	6.39	-7.85	-31.66	-19.36	
3UKM_A4_0009.pdb	1.06	1.05	2.08	37.67	339.86	-1.86	368.75	-1277.76	1.37	-261.81	-91.32	-20.32	-98.78	451.46	5.44	1.17	-2287.97	0.85	312.14	45.74	-31.35	6.92	-9.76	-29.18	-16.77	
3UKM_A4_0010.pdb	0.81	0.79	1.89	36.49	330.00	-1.86	371.37	-1275.45	1.33	-265.19	-91.36	-20.32	-95.04	454.42	5.53	0.99	-2277.12	0.51	311.91	44.13	-31.13	7.28	-9.51	-31.10	-16.79	
3UKM_A5_0001.pdb	0.79	0.79	2.00	37.07	342.97	-1.85	360.64	-1277.88	1.19	-261.07	-88.54	-20.32	-102.47	456.11	5.51	1.23	-2286.43	0.54	314.61	44.31	-28.39	6.63	-9.27	-27.93	-22.40	
3UKM_A5_0002.pdb	1.08	1.08	2.09	37.42	358.24	-1.86	347.01	-1268.09	1.50	-264.27	-80.48	-20.32	-110.26	448.57	5.43	1.18	-2253.79	0.59	303.60	43.58	-32.08	6.73	-8.28	-28.55	-22.06	
3UKM_A5_0003.pdb	1.17	1.17	2.09	33.80	341.80	-1.84	358.38	-1276.60	1.51	-263.82	-82.19	-20.32	-96.54	444.39	5.60	0.92	-2266.10	0.61	308.93	43.61	-33.09	6.68	-9.23	-31.58	-18.12	
3UKM_A5_0004.pdb	0.99	0.97	2.00	37.87	332.99	-1.86	370.01	-1290.38	1.69	-256.31	-88.38	-20.32	-114.19	457.84	5.47	0.03	-2273.59	0.53	310.40	40.66	-30.24	0.02	-8.67	-33.93	-20.41	
3UKM_A5_0005.pdb	1.28	1.28	2.20	38.60	350.14	-1.85	357.05	-1276.36	1.26	-264.27	-76.83	-20.32	-106.36	446.35	5.38	1.42	-2279.40	1.03	314.26	40.30	-33.82	6.77	-8.70	-30.08	-17.28	
3UKM_A5_0006.pdb	0.93	0.94	2.01	36.09	335.79	-1.85	368.99	-1292.73	1.75	-262.65	-107.62	-20.32	-89.80	457.92	5.46	0.93	-2296.27	0.58	320.92	39.62	-31.31	6.67	-9.86	-29.29	-18.48	
3UKM_A5_0007.pdb	0.92	0.91	2.01	39.19	329.38	-1.86	368.45	-1299.14	1.06	-263.63	-88.95	-20.32	-106.46	438.46	5.36	0.65	-2266.60	0.28	310.55	38.89	-32.23	6.80	-7.90	-33.57	-16.68	
3UKM_A5_0008.pdb	1.02	1.02	2.10	39.37	354.44	-1.86	354.39	-1269.78	1.63	-262.04	-81.25	-20.32	-111.75	443.66	5.49	1.37	-2270.71	0.79	315.77	43.05	-30.45	6.81	-9.45	-29.89	-18.85	
3UKM_A5_0009.pdb	0.87	0.87	2.03	40.66	333.35	-1.86	371.77	-1277.98	1.52	-264.80	-90.81	-20.32	-103.08	447.50	5.37	1.50	-2277.29	1.04	314.68	45.55	-31.97	7.32	-9.20	-32.05	-16.88	
3UKM_A5_0010.pdb	0.85	0.84	1.90	39.81	332.35	-1.84	371.85	-1282.13	1.50	-262.82	-87.16	-20.32	-106.18	448.85	5.43	1.47	-2276.84	0.80	311.98	43.67	-32.92	7.82	-7.72	-32.67	-19.19	
