average cumulative strength:,0.2733
residue index,amino acid,number of ECs,cumulative strength,EC strength,conservation
67,L,3,1.755,6.4,18
38,I,7,1.754,6.4,68
34,S,4,1.648,6.0,49
54,I,6,1.601,5.9,59
52,V,5,1.509,5.5,43
50,R,6,1.419,5.2,28
40,I,5,1.392,5.1,45
60,S,3,1.366,5.0,20
16,I,3,1.334,4.9,29
30,I,6,1.282,4.7,57
64,A,6,1.222,4.5,79
51,Q,3,1.183,4.3,15
41,A,4,1.164,4.3,24
36,A,3,1.145,4.2,40
65,Q,3,1.117,4.1,23
33,M,3,1.113,4.1,31
43,P,3,1.01,3.7,19
7,H,2,0.99,3.6,12
53,T,4,0.937,3.4,25
49,G,2,0.931,3.4,27
68,I,4,0.93,3.4,56
19,I,5,0.888,3.2,37
31,R,4,0.851,3.1,25
26,N,3,0.85,3.1,25
61,I,2,0.724,2.6,35
63,L,2,0.71,2.6,22
39,K,4,0.709,2.6,18
27,I,4,0.7,2.6,68
8,E,2,0.693,2.5,17
10,T,2,0.69,2.5,16
11,I,2,0.641,2.3,41
71,R,3,0.639,2.3,23
18,C,3,0.623,2.3,11
35,G,1,0.61,2.2,61
37,Q,3,0.608,2.2,24
15,L,3,0.45,1.6,23
21,G,3,0.446,1.6,96
17,G,2,0.393,1.4,52
20,I,2,0.376,1.4,80
55,T,2,0.341,1.2,20
24,G,2,0.316,1.2,94
29,E,1,0.314,1.2,20
9,L,1,0.219,0.8,24
22,R,1,0.219,0.8,39
25,A,1,0.199,0.7,20
42,N,1,0.193,0.7,24
28,N,1,0.183,0.7,31
69,N,1,0.179,0.7,17
62,S,1,0.179,0.7,20
13,N,1,0.172,0.6,15
56,G,1,0.169,0.6,74
48,S,1,0.16,0.6,9
6,T,1,0.149,0.5,22
44,V,1,0.139,0.5,6
